LocalTimestamp,EmotiBitTimestamp,PacketNumber,DataLength,TypeTag,ProtocolVersion,DataReliability,SF
1777235661.465718,183139.000,29252,1,SF,1,100,0.9981
1777235661.732723,183406.000,29306,1,SF,1,100,0.9866
1777235662.065730,183739.000,29357,1,SF,1,100,0.9752
1777235662.465739,184139.000,29426,1,SF,1,100,0.9639
1777235662.732744,184406.000,29478,1,SF,1,100,0.9527
1777235663.065752,184739.000,29531,1,SF,1,100,0.9417
1777235663.398759,185072.000,29583,1,SF,1,100,0.9308
1777235663.798767,185472.000,29657,1,SF,1,100,0.9201
1777235664.065773,185739.000,29710,1,SF,1,100,0.9094
1777235664.398780,186072.000,29765,1,SF,1,100,0.8989
1777235664.732787,186406.000,29817,1,SF,1,100,0.8885
1777235665.132795,186806.000,29890,1,SF,1,100,0.8782
1777235665.398801,187072.000,29944,1,SF,1,100,0.8681
1777235665.731808,187405.000,29995,1,SF,1,100,0.8580
1777235666.131816,187805.000,30064,1,SF,1,100,0.8481
1777235666.398822,188072.000,30118,1,SF,1,100,0.8383
1777235666.731829,188405.000,30169,1,SF,1,100,0.8286
1777235667.065836,188739.000,30223,1,SF,1,100,0.8190
1777235667.465845,189139.000,30292,1,SF,1,100,0.8095
1777235667.731850,189405.000,30345,1,SF,1,100,0.8002
1777235668.065857,189739.000,30399,1,SF,1,100,0.7909
1777235668.465866,190139.000,30468,1,SF,1,100,0.7817
1777235668.731872,190405.000,30519,1,SF,1,100,0.7727
1777235669.065879,190739.000,30578,1,SF,1,100,0.7638
1777235669.398886,191072.000,30629,1,SF,1,100,0.7549
1777235669.731893,191405.000,30681,1,SF,1,100,0.7462
1777235670.131901,191805.000,30752,1,SF,1,100,0.7376
1777235670.398907,192072.000,30805,1,SF,1,100,0.7290
1777235670.731914,192405.000,30857,1,SF,1,100,0.7206
1777235671.131922,192805.000,30926,1,SF,1,100,0.7123
1777235671.398928,193072.000,30977,1,SF,1,100,0.7040
1777235671.731935,193405.000,31032,1,SF,1,100,0.6959
1777235672.064942,193738.000,31084,1,SF,1,100,0.6878
1777235672.464951,194138.000,31153,1,SF,1,100,0.6799
1777235672.731956,194405.000,31205,1,SF,1,100,0.6720
1777235673.064963,194738.000,31256,1,SF,1,100,0.6642
1777235673.464972,195138.000,31327,1,SF,1,100,0.6566
1777235673.731977,195405.000,31381,1,SF,1,100,0.6490
1777235674.064984,195738.000,31437,1,SF,1,100,0.6415
1777235674.397991,196071.000,31489,1,SF,1,100,0.6340
1777235674.798000,196471.000,31558,1,SF,1,100,0.6267
1777235675.065006,196738.000,31613,1,SF,1,100,0.6194
1777235675.398013,197071.000,31667,1,SF,1,100,0.6123
1777235675.798021,197471.000,31738,1,SF,1,100,0.6052
1777235676.065027,197738.000,31789,1,SF,1,100,0.5982
1777235681.064133,202737.000,32651,1,SF,1,100,0.5024
1777235681.398140,203071.000,32702,1,SF,1,100,0.4966
1777235681.798148,203471.000,32773,1,SF,1,100,0.4908
1777235682.064154,203737.000,32825,1,SF,1,100,0.4852
1777235682.398161,204071.000,32877,1,SF,1,100,0.4795
1777235682.731168,204404.000,32930,1,SF,1,100,0.4740
1777235683.131176,204804.000,32999,1,SF,1,100,0.4685
1777235683.397182,205070.000,33050,1,SF,1,100,0.4631
1777235683.731189,205404.000,33102,1,SF,1,100,0.4577
1777235684.131197,205804.000,33171,1,SF,1,100,0.4524
1777235684.397203,206070.000,33212,1,SF,1,100,0.4472
1777235684.731210,206404.000,33264,1,SF,1,100,0.4420
1777235685.131219,206804.000,33335,1,SF,1,100,0.4369
1777235685.464226,207137.000,33386,1,SF,1,100,0.4319
1777235685.730232,207403.000,33440,1,SF,1,100,0.4269
1777235686.064239,207737.000,33491,1,SF,1,100,0.4219
1777235686.464247,208137.000,33560,1,SF,1,100,0.4171
1777235686.730253,208403.000,33614,1,SF,1,100,0.4122
1777235687.064260,208737.000,33666,1,SF,1,100,0.4075
1777235687.464268,209137.000,33735,1,SF,1,100,0.4027
1777235687.797275,209470.000,33788,1,SF,1,100,0.3981
1777235688.064281,209737.000,33839,1,SF,1,100,0.3935
1777235688.397288,210070.000,33891,1,SF,1,100,0.3889
1777235688.797296,210470.000,33962,1,SF,1,100,0.3844
1777235689.064302,210737.000,34015,1,SF,1,100,0.3800
1777235689.464310,211137.000,34072,1,SF,1,100,0.3756
1777235689.730316,211403.000,34127,1,SF,1,100,0.3712
1777235690.063323,211736.000,34181,1,SF,1,100,0.3670
1777235690.463332,212136.000,34252,1,SF,1,100,0.3627
1777235690.730337,212403.000,34305,1,SF,1,100,0.3585
1777235691.063344,212736.000,34359,1,SF,1,100,0.3544
1777235691.397352,213070.000,34412,1,SF,1,100,0.3503
1777235691.797360,213470.000,34483,1,SF,1,100,0.3462
1777235692.063365,213736.000,34537,1,SF,1,100,0.3422
1777235692.396373,214069.000,34588,1,SF,1,100,0.3382
1777235692.797381,214470.000,34659,1,SF,1,100,0.3343
1777235693.063387,214736.000,34715,1,SF,1,100,0.3305
1777235693.396394,215069.000,34766,1,SF,1,100,0.3266
1777235693.730401,215403.000,34820,1,SF,1,100,0.3229
1777235694.130409,215803.000,34889,1,SF,1,100,0.3191
1777235694.396415,216069.000,34944,1,SF,1,100,0.3154
1777235694.730422,216403.000,35000,1,SF,1,100,0.3118
1777235695.063429,216736.000,35054,1,SF,1,100,0.3082
1777235695.396436,217069.000,35109,1,SF,1,100,0.3046
1777235695.796444,217469.000,35178,1,SF,1,100,0.3011
1777235696.063450,217736.000,35231,1,SF,1,100,0.2976
1777235696.396457,218069.000,35283,1,SF,1,100,0.2942
1777235696.796466,218469.000,35354,1,SF,1,100,0.2908
1777235697.063471,218736.000,35407,1,SF,1,100,0.2874
1777235697.396478,219069.000,35461,1,SF,1,100,0.2841
1777235697.729486,219402.000,35512,1,SF,1,100,0.2808
1777235698.129494,219802.000,35581,1,SF,1,100,0.2775
1777235698.396500,220069.000,35635,1,SF,1,100,0.2743
1777235698.729507,220402.000,35688,1,SF,1,100,0.2712
1777235699.129515,220802.000,35757,1,SF,1,100,0.2680
1777235699.396521,221069.000,35809,1,SF,1,100,0.2649
1777235699.796529,221469.000,35867,1,SF,1,100,0.2619
1777235700.062535,221735.000,35919,1,SF,1,100,0.2588
1777235700.396542,222069.000,35972,1,SF,1,100,0.2558
1777235700.796551,222469.000,36043,1,SF,1,100,0.2529
1777235701.062556,222735.000,36097,1,SF,1,100,0.2499
1777235701.396563,223069.000,36148,1,SF,1,100,0.2471
1777235701.729570,223402.000,36202,1,SF,1,100,0.2442
1777235702.129579,223802.000,36271,1,SF,1,100,0.2414
1777235702.396584,224069.000,36324,1,SF,1,100,0.2386
1777235702.729591,224402.000,36376,1,SF,1,100,0.2358
1777235703.129600,224802.000,36447,1,SF,1,100,0.2331
1777235703.395605,225068.000,36498,1,SF,1,100,0.2304
1777235703.729613,225402.000,36551,1,SF,1,100,0.2277
1777235704.062619,225735.000,36603,1,SF,1,100,0.2251
1777235704.462628,226135.000,36674,1,SF,1,100,0.2225
1777235704.795635,226468.000,36732,1,SF,1,100,0.2199
1777235705.129642,226802.000,36787,1,SF,1,100,0.2174
1777235705.395648,227068.000,36841,1,SF,1,100,0.2149
1777235705.729655,227402.000,36892,1,SF,1,100,0.2124
1777235706.128663,227801.000,36961,1,SF,1,100,0.2099
1777235706.395669,228068.000,37017,1,SF,1,100,0.2075
1777235706.728676,228401.000,37068,1,SF,1,100,0.2051
1777235707.062683,228735.000,37120,1,SF,1,100,0.2027
1777235707.462692,229135.000,37191,1,SF,1,100,0.2004
1777235707.728697,229401.000,37244,1,SF,1,100,0.1981
1777235708.062704,229735.000,37296,1,SF,1,100,0.1958
1777235708.462713,230135.000,37367,1,SF,1,100,0.1935
1777235708.728718,230401.000,37418,1,SF,1,100,0.1913
1777235709.062725,230735.000,37471,1,SF,1,100,0.1890
1777235709.395732,231068.000,37523,1,SF,1,100,0.1869
1777235709.795741,231468.000,37594,1,SF,1,100,0.1847
1777235710.128748,231801.000,37654,1,SF,1,100,0.1826
1777235710.395754,232068.000,37707,1,SF,1,100,0.1805
1777235710.728761,232401.000,37759,1,SF,1,100,0.1784
1777235711.061768,232734.000,37812,1,SF,1,100,0.1763
1777235711.461776,233134.000,37881,1,SF,1,100,0.1743
1777235711.728782,233401.000,37937,1,SF,1,100,0.1722
1777235712.061789,233734.000,37988,1,SF,1,100,0.1703
1777235712.461797,234134.000,38057,1,SF,1,100,0.1683
1777235712.728803,234401.000,38111,1,SF,1,100,0.1663
1777235713.061810,234734.000,38162,1,SF,1,100,0.1644
1777235713.394817,235067.000,38218,1,SF,1,100,0.1625
1777235713.794826,235467.000,38287,1,SF,1,100,0.1606
1777235714.061831,235734.000,38338,1,SF,1,100,0.1588
1777235714.394838,236067.000,38392,1,SF,1,100,0.1569
1777235714.794847,236467.000,38463,1,SF,1,100,0.1551
1777235715.128854,236801.000,38523,1,SF,1,100,0.1533
1777235715.461861,237134.000,38575,1,SF,1,100,0.1516
1777235715.728867,237401.000,38630,1,SF,1,100,0.1498
1777235716.061874,237734.000,38682,1,SF,1,100,0.1481
1777235716.461882,238134.000,38753,1,SF,1,100,0.1464
1777235716.727888,238400.000,38804,1,SF,1,100,0.1447
1777235717.061895,238734.000,38856,1,SF,1,100,0.1430
1777235717.461903,239134.000,38928,1,SF,1,100,0.1413
1777235717.794910,239467.000,38980,1,SF,1,100,0.1397
1777235718.061916,239734.000,39034,1,SF,1,100,0.1381
1777235718.394923,240067.000,39085,1,SF,1,100,0.1365
1777235718.794931,240467.000,39156,1,SF,1,100,0.1349
1777235719.060937,240733.000,39210,1,SF,1,100,0.1333
1777235719.394944,241067.000,39263,1,SF,1,100,0.1318
1777235719.794953,241467.000,39332,1,SF,1,100,0.1303
1777235720.127960,241800.000,39393,1,SF,1,100,0.1288
1777235720.460967,242133.000,39446,1,SF,1,100,0.1273
1777235720.727973,242400.000,39500,1,SF,1,100,0.1258
1777235721.060979,242733.000,39551,1,SF,1,100,0.1244
1777235721.460988,243133.000,39621,1,SF,1,100,0.1229
1777235721.727993,243400.000,39676,1,SF,1,100,0.1215
1777235722.061001,243733.000,39727,1,SF,1,100,0.1201
1777235722.394008,244066.000,39781,1,SF,1,100,0.1187
1777235722.794016,244466.000,39850,1,SF,1,100,0.1173
1777235723.061022,244733.000,39903,1,SF,1,100,0.1160
1777235723.394029,245066.000,39957,1,SF,1,100,0.1146
1777235723.794037,245466.000,40026,1,SF,1,100,0.1133
1777235724.128044,245800.000,40077,1,SF,1,100,0.1120
1777235724.394050,246066.000,40133,1,SF,1,100,0.1107
1777235724.728057,246400.000,40184,1,SF,1,100,0.1094
1777235725.128066,246800.000,40255,1,SF,1,100,0.1081
1777235725.394071,247066.000,40296,1,SF,1,100,0.1069
1777235725.794080,247466.000,40365,1,SF,1,100,0.1057
1777235726.061085,247733.000,40417,1,SF,1,100,0.1044
1777235726.394092,248066.000,40470,1,SF,1,100,0.1032
1777235726.794101,248466.000,40539,1,SF,1,100,0.1020
1777235727.061106,248733.000,40593,1,SF,1,100,0.1009
1777235727.394114,249066.000,40646,1,SF,1,100,0.0997
1777235727.727121,249399.000,40698,1,SF,1,100,0.0985
1777235728.127129,249799.000,40767,1,SF,1,100,0.0974
1777235728.394135,250066.000,40822,1,SF,1,100,0.0963
1777235728.727142,250399.000,40874,1,SF,1,100,0.0952
1777235729.127150,250799.000,40943,1,SF,1,100,0.0941
1777235729.394156,251066.000,40994,1,SF,1,100,0.0930
1777235729.727163,251399.000,41049,1,SF,1,100,0.0919
1777235730.060170,251732.000,41101,1,SF,1,100,0.0908
1777235730.394177,252066.000,41162,1,SF,1,100,0.0898
1777235730.794186,252466.000,41233,1,SF,1,100,0.0887
1777235731.060191,252732.000,41286,1,SF,1,100,0.0877
1777235731.394198,253066.000,41338,1,SF,1,100,0.0867
1777235731.727205,253399.000,41391,1,SF,1,100,0.0857
1777235732.127214,253799.000,41460,1,SF,1,100,0.0847
1777235732.393219,254065.000,41514,1,SF,1,100,0.0837
1777235732.727226,254399.000,41567,1,SF,1,100,0.0828
1777235733.127235,254799.000,41636,1,SF,1,100,0.0818
1777235733.460242,255132.000,41688,1,SF,1,100,0.0809
1777235733.727248,255399.000,41743,1,SF,1,100,0.0799
1777235734.060255,255732.000,41795,1,SF,1,100,0.0790
1777235734.460263,256132.000,41864,1,SF,1,100,0.0781
1777235734.727269,256399.000,41917,1,SF,1,100,0.0772
1777235735.060276,256732.000,41971,1,SF,1,100,0.0763
1777235735.460284,257132.000,42048,1,SF,1,100,0.0754
1777235735.727290,257399.000,42083,1,SF,1,100,0.0745
1777235736.126298,257798.000,42154,1,SF,1,100,0.0737
1777235736.393304,258065.000,42207,1,SF,1,100,0.0728
1777235736.726311,258398.000,42261,1,SF,1,100,0.0720
1777235737.126320,258798.000,42330,1,SF,1,100,0.0711
1777235737.393325,259065.000,42383,1,SF,1,100,0.0703
1777235737.726332,259398.000,42436,1,SF,1,100,0.0695
1777235738.060339,259732.000,42490,1,SF,1,100,0.0687
1777235738.460348,260132.000,42561,1,SF,1,100,0.0679
1777235738.726353,260398.000,42613,1,SF,1,100,0.0671
1777235739.059361,260731.000,42666,1,SF,1,100,0.0663
1777235739.459369,261131.000,42735,1,SF,1,100,0.0656
1777235739.726375,261398.000,42791,1,SF,1,100,0.0648
1777235740.059382,261731.000,42842,1,SF,1,100,0.0641
1777235740.393389,262065.000,42898,1,SF,1,100,0.0633
1777235740.726396,262398.000,42958,1,SF,1,100,0.0626
1777235741.126404,262798.000,43027,1,SF,1,100,0.0619
1777235741.393410,263065.000,43081,1,SF,1,100,0.0612
1777235741.726417,263398.000,43134,1,SF,1,100,0.0604
1777235742.126426,263798.000,43207,1,SF,1,100,0.0597
1777235742.459433,264131.000,43259,1,SF,1,100,0.0591
1777235742.726438,264398.000,43310,1,SF,1,100,0.0584
1777235743.059445,264731.000,43364,1,SF,1,100,0.0577
1777235743.459454,265131.000,43435,1,SF,1,100,0.0570
1777235743.726459,265398.000,43488,1,SF,1,100,0.0564
1777235744.059466,265731.000,43542,1,SF,1,100,0.0557
1777235744.459475,266131.000,43611,1,SF,1,100,0.0551
1777235744.792482,266464.000,43664,1,SF,1,100,0.0544
1777235745.059488,266731.000,43720,1,SF,1,100,0.0538
1777235745.392495,267064.000,43775,1,SF,1,100,0.0532
1777235745.725502,267397.000,43830,1,SF,1,100,0.0526
1777235746.125510,267797.000,43901,1,SF,1,100,0.0520
1777235746.392516,268064.000,43954,1,SF,1,100,0.0514
1777235746.725523,268397.000,44008,1,SF,1,100,0.0508
1777235747.059530,268731.000,44059,1,SF,1,100,0.0502
1777235747.459538,269131.000,44130,1,SF,1,100,0.0496
1777235747.725544,269397.000,44186,1,SF,1,100,0.0490
1777235748.059551,269731.000,44237,1,SF,1,100,0.0485
1777235748.459559,270131.000,44306,1,SF,1,100,0.0479
1777235748.725565,270397.000,44358,1,SF,1,100,0.0473
1777235749.058572,270730.000,44412,1,SF,1,100,0.0468
1777235749.392579,271064.000,44465,1,SF,1,100,0.0463
1777235749.792588,271464.000,44536,1,SF,1,100,0.0457
1777235750.058594,271730.000,44587,1,SF,1,100,0.0452
1777235750.392601,272064.000,44643,1,SF,1,100,0.0447
1777235750.858610,272530.000,44721,1,SF,1,100,0.0441
1777235751.058614,272730.000,44755,1,SF,1,100,0.0436
1777235751.458623,273130.000,44826,1,SF,1,100,0.0431
1777235751.725629,273397.000,44879,1,SF,1,100,0.0426
1777235752.058636,273730.000,44933,1,SF,1,100,0.0421
1777235752.458644,274130.000,45002,1,SF,1,100,0.0417
1777235752.791651,274463.000,45055,1,SF,1,100,0.0412
1777235753.058657,274730.000,45109,1,SF,1,100,0.0407
1777235753.391664,275063.000,45160,1,SF,1,100,0.0402
1777235753.792672,275464.000,45229,1,SF,1,100,0.0398
1777235754.058678,275730.000,45283,1,SF,1,100,0.0393
1777235754.391685,276063.000,45335,1,SF,1,100,0.0388
1777235754.791694,276463.000,45404,1,SF,1,100,0.0384
1777235755.125701,276797.000,45459,1,SF,1,100,0.0380
1777235755.391706,277063.000,45510,1,SF,1,100,0.0375
1777235755.725713,277397.000,45562,1,SF,1,100,0.0371
1777235756.058720,277730.000,45620,1,SF,1,100,0.0366
1777235756.391727,278063.000,45672,1,SF,1,100,0.0362
1777235756.791736,278463.000,45741,1,SF,1,100,0.0358
1777235757.058742,278730.000,45794,1,SF,1,100,0.0354
1777235757.391749,279063.000,45846,1,SF,1,100,0.0350
1777235757.791757,279463.000,45915,1,SF,1,100,0.0346
1777235758.058763,279730.000,45966,1,SF,1,100,0.0342
1777235758.391770,280063.000,46018,1,SF,1,100,0.0338
1777235758.724777,280396.000,46071,1,SF,1,100,0.0334
1777235759.124785,280796.000,46142,1,SF,1,100,0.0330
1777235759.391791,281063.000,46194,1,SF,1,100,0.0326
1777235759.724798,281396.000,46247,1,SF,1,100,0.0322
1777235760.124807,281796.000,46318,1,SF,1,100,0.0319
1777235760.391812,282063.000,46372,1,SF,1,100,0.0315
1777235760.724819,282396.000,46425,1,SF,1,100,0.0311
1777235761.057826,282729.000,46484,1,SF,1,100,0.0308
1777235761.391833,283063.000,46537,1,SF,1,100,0.0304
1777235761.791842,283463.000,46606,1,SF,1,100,0.0301
1777235762.057847,283729.000,46660,1,SF,1,100,0.0297
1777235762.391855,284063.000,46712,1,SF,1,100,0.0294
1777235762.724862,284396.000,46765,1,SF,1,100,0.0290
1777235763.124870,284796.000,46836,1,SF,1,100,0.0287
1777235763.390876,285062.000,46887,1,SF,1,100,0.0284
1777235763.724883,285396.000,46938,1,SF,1,100,0.0280
1777235764.124891,285796.000,47006,1,SF,1,100,0.0277
1777235764.390897,286062.000,47058,1,SF,1,100,0.0274
1777235764.724904,286396.000,47109,1,SF,1,100,0.0271
1777235765.057911,286729.000,47159,1,SF,1,100,0.0268
1777235765.457919,287129.000,47231,1,SF,1,100,0.0265
1777235765.723925,287395.000,47284,1,SF,1,100,0.0262
1777235766.057932,287729.000,47333,1,SF,1,100,0.0259
1777235766.390939,288062.000,47385,1,SF,1,100,0.0256
1777235766.790948,288462.000,47452,1,SF,1,100,0.0253
1777235767.057953,288729.000,47501,1,SF,1,100,0.0250
1777235767.390960,289062.000,47550,1,SF,1,100,0.0247
1777235767.723967,289395.000,47598,1,SF,1,100,0.0244
1777235768.123976,289795.000,47663,1,SF,1,100,0.0241
1777235768.390981,290062.000,47714,1,SF,1,100,0.0238
1777235768.723989,290395.000,47762,1,SF,1,100,0.0236
1777235769.123997,290795.000,47827,1,SF,1,100,0.0233
1777235769.457004,291128.000,47876,1,SF,1,100,0.0230
1777235769.724010,291395.000,47928,1,SF,1,100,0.0227
1777235770.057017,291728.000,47977,1,SF,1,100,0.0225
1777235770.457025,292128.000,48046,1,SF,1,100,0.0222
1777235770.724031,292395.000,48094,1,SF,1,100,0.0220
1777235771.057038,292728.000,48144,1,SF,1,100,0.0217
1777235771.391045,293062.000,48200,1,SF,1,100,0.0215
1777235771.724052,293395.000,48249,1,SF,1,100,0.0212
1777235772.124061,293795.000,48316,1,SF,1,100,0.0210
1777235772.390066,294061.000,48366,1,SF,1,100,0.0207
1777235772.724073,294395.000,48415,1,SF,1,100,0.0205
1777235773.124082,294795.000,48482,1,SF,1,100,0.0202
1777235773.457089,295128.000,48530,1,SF,1,100,0.0200
1777235773.724094,295395.000,48581,1,SF,1,100,0.0198
1777235774.057101,295728.000,48629,1,SF,1,100,0.0196
1777235774.457110,296128.000,48696,1,SF,1,100,0.0193
1777235774.724116,296395.000,48745,1,SF,1,100,0.0191
1777235775.057123,296728.000,48794,1,SF,1,100,0.0189
1777235775.457131,297128.000,48861,1,SF,1,100,0.0187
1777235775.790138,297461.000,48911,1,SF,1,100,0.0184
1777235776.057144,297728.000,48961,1,SF,1,100,0.0182
1777235776.390151,298061.000,49017,1,SF,1,100,0.0180
1777235776.723158,298394.000,49067,1,SF,1,100,0.0178
1777235777.123166,298794.000,49134,1,SF,1,100,0.0176
1777235777.457174,299128.000,49183,1,SF,1,100,0.0174
1777235777.723179,299394.000,49233,1,SF,1,100,0.0172
1777235778.057186,299728.000,49284,1,SF,1,100,0.0170
1777235778.457195,300128.000,49351,1,SF,1,100,0.0168
1777235778.723200,300394.000,49399,1,SF,1,100,0.0166
1777235779.057207,300728.000,49448,1,SF,1,100,0.0164
1777235779.456216,301127.000,49514,1,SF,1,100,0.0162
1777235779.723222,301394.000,49563,1,SF,1,100,0.0160
1777235780.056229,301727.000,49612,1,SF,1,100,0.0159
1777235780.390236,302061.000,49662,1,SF,1,100,0.0157
1777235780.790244,302461.000,49727,1,SF,1,100,0.0155
1777235781.056250,302727.000,49778,1,SF,1,100,0.0153
1777235781.390257,303061.000,49828,1,SF,1,100,0.0151
1777235781.723264,303394.000,49884,1,SF,1,100,0.0150
1777235782.056271,303727.000,49932,1,SF,1,100,0.0148
1777235782.456279,304127.000,49997,1,SF,1,100,0.0146
1777235782.723285,304394.000,50046,1,SF,1,100,0.0144
1777235783.056292,304727.000,50097,1,SF,1,100,0.0143
1777235783.456300,305127.000,50162,1,SF,1,100,0.0141
1777235783.789308,305460.000,50214,1,SF,1,100,0.0140
1777235784.056313,305727.000,50262,1,SF,1,100,0.0138
1777235784.389320,306060.000,50311,1,SF,1,100,0.0136
1777235784.789329,306460.000,50378,1,SF,1,100,0.0135
1777235785.056334,306727.000,50428,1,SF,1,100,0.0133
1777235785.389341,307060.000,50479,1,SF,1,100,0.0132
1777235785.722348,307393.000,50529,1,SF,1,100,0.0130
1777235786.123357,307794.000,50594,1,SF,1,100,0.0129
1777235786.389363,308060.000,50647,1,SF,1,100,0.0127
1777235786.722370,308393.000,50698,1,SF,1,100,0.0126
1777235787.056377,308727.000,50747,1,SF,1,100,0.0124
1777235787.456385,309127.000,50813,1,SF,1,100,0.0123
1777235787.789392,309460.000,50862,1,SF,1,100,0.0121
1777235788.056398,309727.000,50911,1,SF,1,100,0.0120
1777235788.389405,310060.000,50959,1,SF,1,100,0.0119
1777235788.789413,310460.000,51026,1,SF,1,100,0.0117
1777235789.055419,310726.000,51077,1,SF,1,100,0.0116
1777235789.389426,311060.000,51125,1,SF,1,100,0.0114
1777235789.789435,311460.000,51190,1,SF,1,100,0.0113
1777235790.122442,311793.000,51241,1,SF,1,100,0.0112
1777235790.389447,312060.000,51293,1,SF,1,100,0.0111
1777235790.722454,312393.000,51342,1,SF,1,100,0.0109
1777235791.122463,312793.000,51407,1,SF,1,100,0.0108
1777235791.389468,313060.000,51457,1,SF,1,100,0.0107
1777235791.789477,313460.000,51514,1,SF,1,100,0.0106
1777235792.055483,313726.000,51562,1,SF,1,100,0.0104
1777235792.388490,314059.000,51613,1,SF,1,100,0.0103
1777235792.788498,314459.000,51678,1,SF,1,100,0.0102
1777235793.055504,314726.000,51728,1,SF,1,100,0.0101
1777235793.388511,315059.000,51777,1,SF,1,100,0.0100
1777235793.722518,315393.000,51825,1,SF,1,100,0.0098
1777235794.122526,315793.000,51892,1,SF,1,100,0.0097
1777235794.388532,316059.000,51943,1,SF,1,100,0.0096
1777235794.722539,316393.000,51993,1,SF,1,100,0.0095
1777235795.122548,316793.000,52060,1,SF,1,100,0.0094
1777235795.388553,317059.000,52111,1,SF,1,100,0.0093
1777235795.721560,317392.000,52161,1,SF,1,100,0.0092
1777235796.055567,317726.000,52210,1,SF,1,100,0.0091
1777235796.455576,318126.000,52277,1,SF,1,100,0.0090
1777235796.721581,318392.000,52325,1,SF,1,100,0.0089
1777235797.055588,318726.000,52383,1,SF,1,100,0.0088
1777235797.388596,319059.000,52431,1,SF,1,100,0.0087
1777235797.721602,319392.000,52482,1,SF,1,100,0.0086
1777235798.121611,319792.000,52547,1,SF,1,100,0.0085
1777235798.388617,320059.000,52597,1,SF,1,100,0.0084
1777235798.721624,320392.000,52648,1,SF,1,100,0.0083
1777235799.121632,320792.000,52715,1,SF,1,100,0.0082
1777235799.388638,321059.000,52763,1,SF,1,100,0.0081
1777235799.721645,321392.000,52813,1,SF,1,100,0.0080
1777235800.054652,321725.000,52862,1,SF,1,100,0.0079
1777235800.454660,322125.000,52929,1,SF,1,100,0.0078
1777235800.721666,322392.000,52980,1,SF,1,100,0.0077
1777235801.054673,322725.000,53028,1,SF,1,100,0.0076
1777235801.454682,323125.000,53093,1,SF,1,100,0.0075
1777235801.721687,323392.000,53144,1,SF,1,100,0.0074
1777235802.121696,323792.000,53195,1,SF,1,100,0.0074
1777235802.387701,324058.000,53246,1,SF,1,100,0.0073
1777235802.721709,324392.000,53294,1,SF,1,100,0.0072
1777235803.121717,324792.000,53359,1,SF,1,100,0.0071
1777235803.387722,325058.000,53408,1,SF,1,100,0.0070
1777235803.721730,325392.000,53456,1,SF,1,100,0.0069
1777235804.121738,325792.000,53522,1,SF,1,100,0.0069
1777235804.454745,326125.000,53572,1,SF,1,100,0.0068
1777235804.721751,326392.000,53620,1,SF,1,100,0.0067
