LocalTimestamp,EmotiBitTimestamp,PacketNumber,DataLength,TypeTag,ProtocolVersion,DataReliability,HR
1777235664.000771,185674.000,29692,1,HR,1,100,54.01
1777235664.400780,186074.000,29764,1,HR,1,100,75.34
1777235664.920791,186594.000,29852,1,HR,1,100,84.24
1777235665.280798,186954.000,29925,1,HR,1,100,102.56
1777235666.853832,188527.000,30189,1,HR,1,100,88.31
1777235667.933855,189607.000,30380,1,HR,1,100,81.03
1777235671.479930,193153.000,30997,1,HR,1,100,66.81
1777235673.119964,194793.000,31276,1,HR,1,100,60.10
1777235675.053005,196726.000,31612,1,HR,1,100,53.68
1777235675.813021,197486.000,31737,1,HR,1,100,59.30
1777235681.772148,203445.000,32772,1,HR,1,100,47.84
1777235686.625250,208298.000,33595,1,HR,1,100,39.96
1777235688.798296,210471.000,33961,1,HR,1,100,37.25
1777235689.598313,211271.000,34109,1,HR,1,100,45.64
1777235690.051323,211724.000,34180,1,HR,1,100,65.80
1777235690.491332,212164.000,34271,1,HR,1,100,81.48
1777235690.971342,212644.000,34342,1,HR,1,100,91.15
1777235691.411352,213084.000,34432,1,HR,1,100,101.20
1777235691.931363,213604.000,34518,1,HR,1,100,104.35
1777235692.544376,214217.000,34625,1,HR,1,100,103.39
1777235692.944384,214617.000,34696,1,HR,1,100,113.75
1777235693.544397,215217.000,34803,1,HR,1,100,110.69
1777235694.144410,215817.000,34908,1,HR,1,100,108.31
1777235694.944427,216617.000,35037,1,HR,1,100,100.91
1777235695.877446,217550.000,35197,1,HR,1,100,92.98
1777235696.797466,218470.000,35353,1,HR,1,100,86.81
1777235697.197474,218870.000,35426,1,HR,1,100,100.85
1777235698.451501,220124.000,35652,1,HR,1,100,89.19
1777235699.491523,221164.000,35828,1,HR,1,100,82.19
1777235700.584546,222257.000,36009,1,HR,1,100,76.27
1777235701.624568,223297.000,36185,1,HR,1,100,72.14
1777235702.943596,224616.000,36411,1,HR,1,100,66.21
1777235704.077620,225750.000,36623,1,HR,1,100,63.40
1777235705.157643,226830.000,36807,1,HR,1,100,61.66
1777235706.250666,227923.000,36981,1,HR,1,100,60.30
1777235707.330689,229003.000,37174,1,HR,1,100,59.25
1777235708.450712,230123.000,37366,1,HR,1,100,57.99
1777235709.663738,231336.000,37576,1,HR,1,100,56.21
1777235710.863764,232536.000,37795,1,HR,1,100,54.83
1777235711.676781,233349.000,37936,1,HR,1,100,59.31
1777235712.556799,234229.000,38077,1,HR,1,100,61.28
1777235713.396817,235069.000,38217,1,HR,1,100,63.54
1777235714.129833,235802.000,38358,1,HR,1,100,67.94
1777235714.649844,236322.000,38446,1,HR,1,100,78.48
1777235715.609864,237282.000,38612,1,HR,1,100,74.93
1777235716.329879,238002.000,38734,1,HR,1,100,76.80
1777235717.142896,238815.000,38875,1,HR,1,100,76.40
1777235717.822911,239495.000,39000,1,HR,1,100,79.03
1777235718.542926,240215.000,39122,1,HR,1,100,79.99
1777235719.222940,240895.000,39245,1,HR,1,100,81.82
1777235719.915955,241588.000,39352,1,HR,1,100,83.24
1777235720.515968,242188.000,39466,1,HR,1,100,86.97
1777235721.555990,243228.000,39640,1,HR,1,100,80.46
1777235722.196003,243868.000,39747,1,HR,1,100,83.42
1777235723.129023,244801.000,39921,1,HR,1,100,79.37
1777235724.169045,245841.000,40097,1,HR,1,100,74.55
1777235725.222068,246894.000,40278,1,HR,1,100,70.81
1777235726.182088,247854.000,40436,1,HR,1,100,68.96
1777235727.222110,248894.000,40610,1,HR,1,100,66.46
1777235728.355134,250027.000,40821,1,HR,1,100,63.59
1777235729.515158,251187.000,41014,1,HR,1,100,60.96
1777235730.648182,252320.000,41216,1,HR,1,100,59.31
1777235731.608203,253280.000,41374,1,HR,1,100,60.02
1777235732.568223,254240.000,41549,1,HR,1,100,60.57
1777235733.581244,255253.000,41725,1,HR,1,100,60.45
1777235734.501264,256173.000,41883,1,HR,1,100,61.51
1777235735.061276,256733.000,41970,1,HR,1,100,71.65
1777235735.981295,257653.000,42137,1,HR,1,100,70.22
1777235736.634309,258306.000,42242,1,HR,1,100,75.45
1777235737.234322,258906.000,42349,1,HR,1,100,80.90
1777235737.834335,259506.000,42454,1,HR,1,100,85.15
1777235738.434347,260106.000,42560,1,HR,1,100,88.45
1777235739.007360,260679.000,42665,1,HR,1,100,92.60
1777235739.567371,261239.000,42755,1,HR,1,100,95.83
1777235740.167384,261839.000,42864,1,HR,1,100,96.76
1777235740.688395,262360.000,42957,1,HR,1,100,100.90
1777235741.167405,262839.000,43047,1,HR,1,100,106.26
1777235741.661416,263333.000,43133,1,HR,1,100,110.42
1777235742.100425,263772.000,43206,1,HR,1,100,116.19
1777235742.820440,264492.000,43330,1,HR,1,100,108.89
1777235743.420453,265092.000,43434,1,HR,1,100,106.91
1777235743.940464,265612.000,43523,1,HR,1,100,108.79
1777235744.514476,266186.000,43630,1,HR,1,100,108.43
1777235745.034487,266706.000,43719,1,HR,1,100,109.97
1777235745.314493,266986.000,43774,1,HR,1,100,133.15
1777235745.993507,267665.000,43884,1,HR,1,100,123.17
1777235746.593520,268265.000,43989,1,HR,1,100,118.02
1777235747.087531,268759.000,44079,1,HR,1,100,119.57
1777235747.687543,269359.000,44185,1,HR,1,100,115.22
1777235749.006571,270678.000,44411,1,HR,1,100,99.72
1777235749.646585,271318.000,44517,1,HR,1,100,98.39
1777235750.220597,271892.000,44626,1,HR,1,100,100.34
1777235750.860610,272532.000,44720,1,HR,1,100,98.87
1777235751.300620,272972.000,44809,1,HR,1,100,107.20
1777235751.899632,273571.000,44914,1,HR,1,100,105.60
1777235752.753650,274425.000,45054,1,HR,1,100,98.01
1777235753.913675,275585.000,45249,1,HR,1,100,87.72
1777235758.739777,280411.000,46091,1,HR,1,100,71.01
1777235759.699798,281371.000,46246,1,HR,1,100,69.12
1777235760.539815,282211.000,46390,1,HR,1,100,69.63
1777235761.072827,282744.000,46483,1,HR,1,100,79.80
1777235762.032847,283704.000,46659,1,HR,1,100,75.95
1777235762.832864,284504.000,46800,1,HR,1,100,75.74
1777235765.405918,287077.000,47230,1,HR,1,100,64.12
1777235769.472004,291143.000,47894,1,HR,1,100,53.17
1777235770.192020,291863.000,48012,1,HR,1,100,59.87
1777235771.352044,293023.000,48199,1,HR,1,100,58.06
1777235771.925056,293596.000,48284,1,HR,1,100,68.97
1777235772.885077,294556.000,48449,1,HR,1,100,67.53
1777235774.218105,295889.000,48662,1,HR,1,100,62.63
1777235776.098145,297769.000,48960,1,HR,1,100,55.80
1777235777.071165,298742.000,49133,1,HR,1,100,57.29
1777235778.031186,299702.000,49283,1,HR,1,100,58.45
1777235778.351192,300022.000,49333,1,HR,1,100,87.13
1777235781.404257,303075.000,49827,1,HR,1,100,72.15
1777235783.017291,304688.000,50096,1,HR,1,100,64.45
1777235783.777307,305448.000,50213,1,HR,1,100,67.67
1777235784.497323,306168.000,50329,1,HR,1,100,71.15
1777235785.551345,307222.000,50513,1,HR,1,100,68.16
1777235786.230359,307901.000,50613,1,HR,1,100,72.62
1777235788.604409,310275.000,50994,1,HR,1,100,62.13
1777235790.283445,311954.000,51276,1,HR,1,100,56.26
1777235791.177464,312848.000,51425,1,HR,1,100,58.91
1777235792.136484,313807.000,51581,1,HR,1,100,59.71
1777235793.990524,315661.000,51877,1,HR,1,100,53.69
1777235794.710539,316381.000,51992,1,HR,1,100,60.27
1777235795.430554,317101.000,52110,1,HR,1,100,65.40
1777235796.203570,317874.000,52243,1,HR,1,100,68.41
1777235796.963587,318634.000,52365,1,HR,1,100,70.75
1777235797.723603,319394.000,52481,1,HR,1,100,72.57
1777235798.523620,320194.000,52614,1,HR,1,100,73.11
1777235799.136632,320807.000,52714,1,HR,1,100,79.09
1777235800.696666,322367.000,52979,1,HR,1,100,70.06
